Model,Strict_Accuracy,Validity_Accuracy,Reliability_Accuracy,Validity_Macro_F1,Reliability_Macro_F1,Overall_Score
gemini-2.5-pro,0.20149253731343283,0.6075949367088608,0.7696629213483146,0.4716130345162603,0.3845543345543345,0.4416653234438678
gemini-flash,0.23134328358208955,0.44029850746268656,0.7343358395989975,0.37187248136578366,0.5283898432306076,0.4174904153048118
gpt-4o,0.23880597014925373,0.3880597014925373,0.6417910447761194,0.35051869558281945,0.40187279766584005,0.3767316866382988
gemini-2.0-flash,0.05223880597014925,0.5909090909090909,0.6363636363636364,0.512962962962963,0.3560744810744811,0.35325381224634955
gemini-2.5-flash,0.14925373134328357,0.422680412371134,0.6288659793814433,0.34960215970446146,0.41475637778231106,0.3464466246365061
gpt-4-turbo,0.17164179104477612,0.39552238805970147,0.625,0.32107808791079145,0.32650267500875646,0.33751927032180556
gpt-4o-mini,0.15671641791044777,0.26865671641791045,0.599502487562189,0.19401579111944967,0.34197253942521183,0.2899172410146652
