Model,Reasoning_Consistency,Relative_Accuracy,Strict_Accuracy,Quality_Score
gpt-4o,0.7633333333333333,0.6083333333333334,0.19,0.5205555555555555
gpt-4-turbo,0.7612280701754386,0.5893859649122807,0.17,0.5068713450292397
gpt-3.5-turbo,0.9433333333333334,0.5016666666666667,0.07,0.505
gemini-2.0-flash,0.7777777777777778,0.6111111111111112,0.05,0.47962962962962963
gpt-4o-mini,0.6033333333333334,0.47833333333333333,0.1,0.39388888888888896
gemini-2.5-flash,0.4618473895582329,0.43775100401606426,0.08,0.326532797858099
gemini-2.5-pro,0.41362252663622523,0.4876331811263318,0.07,0.323751902587519
gemini-flash,0.42272727272727273,0.43863636363636366,0.09,0.3171212121212121
